Date,Hour
20231019,01:00
20231019,02:00
20231019,03:00
20231019,04:00
20231019,05:00
20231019,06:00
20231019,07:00
20231019,08:00
20231019,09:00
20231019,10:00
20231019,11:00
20231019,12:00
20231019,13:00
20231019,14:00
20231019,15:00
20231019,16:00
20231019,17:00
20231019,18:00
20231019,19:00
20231019,20:00
20231019,21:00
20231019,22:00
20231019,23:00
20231019,24:00
20231020,01:00
20231020,02:00
20231020,03:00
20231020,04:00
20231020,05:00
20231020,06:00
20231020,07:00
20231020,08:00
20231020,09:00
20231020,10:00
20231020,11:00
20231020,12:00
20231020,13:00
20231020,14:00
20231020,15:00
20231020,16:00
20231020,17:00
20231020,18:00
20231020,19:00
20231020,20:00
20231020,21:00
20231020,22:00
20231020,23:00
20231020,24:00
20231021,01:00
20231021,02:00
20231021,03:00
20231021,04:00
20231021,05:00
20231021,06:00
20231021,07:00
20231021,08:00
20231021,09:00
20231021,10:00
20231021,11:00
20231021,12:00
20231021,13:00
20231021,14:00
20231021,15:00
20231021,16:00
20231021,17:00
20231021,18:00
20231021,19:00
20231021,20:00
20231021,21:00
20231021,22:00
20231021,23:00
20231021,24:00
20231022,03:00
20231022,06:00
20231022,09:00
20231022,12:00
20231022,15:00
20231022,18:00
20231022,21:00
20231022,24:00
20231023,03:00
20231023,06:00
20231023,09:00
20231023,12:00
20231023,15:00
20231023,18:00
20231023,21:00
20231023,24:00
